排名,sector_name,板块代码,最新价,涨跌额,pct_chg,总市值,换手率,up_count,down_count,lead_stock,领涨股票-涨跌幅,total_count,up_ratio,score_pct,score_up,hot_score
1,氨纶,BK1412,2803.49,173.65,6.6,55282739000,2.0,1,0,华峰化学,6.6,1,1.0,1.0,0.9798387096774194,0.9899193548387097
3,燃料电池,BK1305,292.68,10.41,3.69,4801020000,2.67,1,0,亿华通-U,3.69,1,1.0,0.9959677419354839,0.9798387096774194,0.9879032258064516
8,钴,BK1620,1219.27,32.8,2.76,32751737000,4.2,2,0,寒锐钴业,4.04,2,1.0,0.9858870967741935,0.9798387096774194,0.9828629032258065
10,快递,BK1489,5529.24,140.18,2.6,279973440000,1.05,4,0,申通快递,5.03,4,1.0,0.9818548387096774,0.9798387096774194,0.9808467741935484
11,肉鸡养殖,BK1511,3153.5,77.63,2.52,66965880000,4.09,8,0,益生股份,3.86,8,1.0,0.9798387096774194,0.9798387096774194,0.9798387096774194
2,生猪养殖,BK1512,3874.31,156.63,4.21,441545840000,2.47,11,1,巨星农牧,9.99,12,0.917,0.9979838709677419,0.9536290322580645,0.9758064516129032
16,城商行Ⅲ,BK1609,1510.54,34.27,2.32,1227765792000,0.59,17,0,青岛银行,4.74,17,1.0,0.969758064516129,0.9798387096774194,0.9747983870967742
5,动力煤,BK1493,2247.57,75.76,3.49,1856118960000,1.05,15,1,新集能源,8.61,16,0.938,0.9919354838709677,0.9576612903225806,0.9747983870967742
18,农商行Ⅲ,BK1612,438.09,9.68,2.26,246453831000,0.73,10,0,沪农商行,3.32,10,1.0,0.9667338709677419,0.9798387096774194,0.9732862903225806
6,煤炭开采,BK1250,1734.57,52.15,3.1,2054758368000,1.08,24,2,新集能源,8.61,26,0.923,0.9899193548387096,0.9556451612903226,0.9727822580645161
19,股份制银行Ⅲ,BK1610,2232.71,47.61,2.18,2722336672000,0.42,9,0,浙商银行,4.04,9,1.0,0.9637096774193549,0.9798387096774194,0.9717741935483871
21,银行,BK1283,3963.7,82.76,2.13,14331927296000,0.25,42,0,青岛银行,4.74,42,1.0,0.9596774193548387,0.9798387096774194,0.969758064516129
4,炼油化工,BK1569,3380.55,119.66,3.67,2700911696000,0.29,9,1,东方盛虹,10.04,10,0.9,0.9939516129032258,0.9445564516129032,0.9692540322580645
22,银行Ⅱ,BK0475,3962.87,81.93,2.11,14330628608000,0.25,42,0,青岛银行,4.74,42,1.0,0.9576612903225806,0.9798387096774194,0.96875
23,纺织鞋类制造,BK1347,377.38,7.77,2.1,37437360000,0.19,1,0,华利集团,2.1,1,1.0,0.9556451612903226,0.9798387096774194,0.967741935483871
9,煤炭,BK0437,12446.56,323.4,2.67,2104444064000,1.08,30,3,新集能源,8.61,33,0.909,0.9838709677419355,0.9506048387096774,0.9672379032258065
7,养殖业,BK1259,3657.89,105.92,2.98,516649680000,2.54,20,3,巨星农牧,9.99,23,0.87,0.9879032258064516,0.9354838709677419,0.9616935483870968
31,空调,BK1450,14430.71,241.31,1.7,864687488000,0.78,3,0,美的集团,2.67,3,1.0,0.9395161290322581,0.9798387096774194,0.9596774193548387
32,血液制品,BK1597,4095.52,67.91,1.69,80565108000,1.09,5,0,派林生物,4.41,5,1.0,0.9375,0.9798387096774194,0.9586693548387097
15,焦煤,BK1494,1109.11,26.43,2.44,198206864000,1.15,9,1,平煤股份,4.6,10,0.9,0.9717741935483871,0.9445564516129032,0.9581653225806452
33,电信运营商,BK1587,932.65,14.75,1.61,2553824736000,0.22,3,0,中国电信,2.95,3,1.0,0.9354838709677419,0.9798387096774194,0.9576612903225806
38,保险Ⅲ,BK1358,1312.01,18.46,1.43,2823520176000,0.37,5,0,中国平安,2.06,5,1.0,0.9274193548387096,0.9798387096774194,0.9536290322580645
39,保险Ⅱ,BK0474,1312.01,18.46,1.43,2823520176000,0.37,5,0,中国平安,2.06,5,1.0,0.9274193548387096,0.9798387096774194,0.9536290322580645
28,零食,BK1583,1834.36,31.92,1.77,98375998000,1.64,10,1,万辰集团,5.54,11,0.909,0.9455645161290323,0.9506048387096774,0.9480846774193548
14,医疗研发外包,BK1600,7318.35,175.5,2.46,770739072000,5.53,24,5,诚达药业,12.86,29,0.828,0.9737903225806451,0.9173387096774194,0.9455645161290323
20,肉制品,BK1580,2370.42,50.01,2.16,110499309000,1.6,6,1,华统股份,3.66,7,0.857,0.9616935483870968,0.9294354838709677,0.9455645161290323
45,卫浴电器,BK1452,1300.08,17.85,1.39,14414812000,1.74,2,0,万和电气,2.48,2,1.0,0.9112903225806451,0.9798387096774194,0.9455645161290323
29,教育出版,BK1290,1972.0,33.75,1.74,116204826000,0.62,9,1,南方传媒,4.94,10,0.9,0.9435483870967742,0.9445564516129032,0.9440524193548387
27,畜禽饲料,BK1508,1770.96,32.84,1.89,41241728000,2.62,7,1,傲农生物,4.17,8,0.875,0.9485887096774194,0.938508064516129,0.9435483870967742
34,高速公路,BK1483,2610.94,41.2,1.6,366225216000,0.42,18,2,四川成渝,5.95,20,0.9,0.9334677419354839,0.9445564516129032,0.9390120967741935
53,国有大型银行Ⅲ,BK1611,2913.89,34.49,1.2,10134926848000,0.13,6,0,交通银行,1.69,6,1.0,0.8951612903225806,0.9798387096774194,0.9375
67,机场,BK1480,1742.56,15.78,0.91,128889506000,0.59,5,0,深圳机场,1.73,5,1.0,0.8659274193548387,0.9798387096774194,0.922883064516129
17,集成电路封测,BK1328,10960.8,242.67,2.26,536340960000,8.85,9,4,伟测科技,12.41,13,0.692,0.9667338709677419,0.8629032258064516,0.9148185483870968
43,生物制品,BK1044,986.53,13.61,1.4,946263440000,2.18,44,12,甘李药业,10.0,56,0.786,0.9153225806451613,0.9112903225806451,0.9133064516129032
49,动物保健Ⅱ,BK1254,4413.93,55.53,1.27,58139054000,1.96,10,2,大禹生物,7.1,12,0.833,0.9032258064516129,0.9203629032258065,0.9117943548387097
30,其他生物制品,BK1596,7904.53,132.69,1.71,660853440000,3.16,27,10,甘李药业,10.0,37,0.73,0.9415322580645161,0.8810483870967742,0.9112903225806452
51,动物保健Ⅲ,BK1501,4413.2,54.8,1.26,58115265000,1.96,10,2,大禹生物,7.1,12,0.833,0.9002016129032258,0.9203629032258065,0.9102822580645161
48,复合肥,BK1433,3030.19,40.29,1.35,73864159000,2.12,8,2,ST司特,4.08,10,0.8,0.90625,0.9133064516129032,0.9097782258064516
12,摩托车,BK1521,3316.37,81.23,2.51,155138281000,1.07,6,3,涛涛车业,10.6,9,0.667,0.9778225806451613,0.8346774193548387,0.90625
35,乳品,BK1585,1970.62,27.76,1.43,235402900000,1.48,11,4,皇氏集团,10.1,15,0.733,0.9274193548387096,0.8830645161290323,0.905241935483871
44,棉纺,BK1349,2468.22,33.92,1.39,44735472000,1.92,6,2,华孚时尚,9.97,8,0.75,0.9112903225806451,0.8991935483870968,0.905241935483871
60,焦炭Ⅱ,BK1249,699.68,7.03,1.01,49670142000,1.05,6,1,山西焦化,3.01,7,0.857,0.8810483870967742,0.9294354838709677,0.905241935483871
87,视频媒体,BK1296,718.64,4.75,0.67,28304005000,1.36,1,0,芒果超媒,0.67,1,1.0,0.8276209677419355,0.9798387096774194,0.9037298387096775
62,焦炭Ⅲ,BK1492,699.59,6.94,1.0,49685695000,1.05,6,1,山西焦化,3.01,7,0.857,0.8780241935483871,0.9294354838709677,0.9037298387096775
72,线下药店,BK1606,3308.16,27.86,0.85,75276121000,1.25,7,1,老百姓,1.74,8,0.875,0.8568548387096774,0.938508064516129,0.8976814516129032
24,原材料供应链服务,BK1490,2732.34,52.62,1.96,106346454000,1.24,8,4,厦门象屿,4.6,12,0.667,0.9536290322580645,0.8346774193548387,0.8941532258064516
25,钛白粉,BK1421,1857.58,35.51,1.95,70001755000,2.56,4,2,金浦钛业,10.16,6,0.667,0.9516129032258065,0.8346774193548387,0.8931451612903226
50,化学制剂,BK1594,3884.14,48.42,1.26,2148021808000,3.72,83,30,罗欣药业,9.98,113,0.735,0.9002016129032258,0.8860887096774194,0.8931451612903225
58,饲料,BK1258,3201.25,32.81,1.04,162423821000,2.37,12,4,海大集团,4.25,16,0.75,0.8850806451612904,0.8991935483870968,0.8921370967741935
68,港口,BK1481,1496.28,13.54,0.91,482743216000,0.37,13,3,上港集团,2.88,16,0.812,0.8659274193548387,0.9153225806451613,0.890625
73,航空机场,BK0420,4183.58,34.05,0.82,584914784000,0.63,11,2,春秋航空,2.55,13,0.846,0.8548387096774194,0.9233870967741935,0.8891129032258065
61,医药商业,BK1042,1032.25,10.25,1.0,295223632000,1.6,24,8,国药一致,3.39,32,0.75,0.8780241935483871,0.8991935483870968,0.888608870967742
13,集成电路制造,BK1329,4817.84,116.43,2.48,2486153632000,4.3,5,3,盛合晶微,9.86,8,0.625,0.9758064516129032,0.7953629032258065,0.8855846774193549
70,航空运输,BK1479,1388.4,12.21,0.89,456828048000,0.64,7,2,春秋航空,2.53,9,0.778,0.8618951612903226,0.9082661290322581,0.8850806451612904
57,医药流通,BK1607,1915.53,19.97,1.05,219947511000,1.67,17,7,国药一致,3.39,24,0.708,0.8870967741935484,0.875,0.8810483870967742
112,镍,BK1622,5613.2,23.9,0.43,88920052000,2.97,1,0,华友钴业,0.43,1,1.0,0.7772177419354839,0.9798387096774194,0.8785282258064516
56,饮料乳品,BK1282,2044.21,21.47,1.06,418348320000,1.32,16,7,皇氏集团,10.1,23,0.696,0.8891129032258065,0.8669354838709677,0.8780241935483871
55,化学制药,BK0465,36096.33,384.53,1.08,2490340704000,3.62,110,49,罗欣药业,9.98,159,0.692,0.8911290322580645,0.8629032258064516,0.877016129032258
79,商用载货车,BK1530,1890.1,14.21,0.76,184773092000,1.41,7,2,一汽解放,2.58,9,0.778,0.842741935483871,0.9082661290322581,0.8755040322580645
65,航运港口,BK0450,11283.09,105.06,0.94,1130744240000,0.72,25,10,凤凰航运,4.84,35,0.714,0.8709677419354839,0.8770161290322581,0.873991935483871
76,煤化工,BK1419,1639.8,12.84,0.79,228478969000,1.48,6,2,宝丰能源,2.92,8,0.75,0.8487903225806451,0.8991935483870968,0.873991935483871
66,其他酒类,BK1578,1447.63,13.45,0.94,56466976000,1.23,7,3,*ST尼雅,8.49,10,0.7,0.8709677419354839,0.8709677419354839,0.8709677419354839
47,钾肥,BK1434,2336.5,31.18,1.35,337187392000,1.73,2,1,东方铁塔,3.67,3,0.667,0.90625,0.8346774193548387,0.8704637096774194
59,租赁,BK1365,2820.39,28.87,1.03,73349108000,1.18,2,1,渤海租赁,3.63,3,0.667,0.8830645161290323,0.8346774193548387,0.8588709677419355
107,疫苗,BK1598,3884.46,17.4,0.45,204896084000,1.87,12,2,辽宁成大,1.45,14,0.857,0.7852822580645161,0.9294354838709677,0.857358870967742
36,油气开采Ⅲ,BK1574,3137.35,44.19,1.43,1404895248000,2.37,3,2,ST洲际,8.02,5,0.6,0.9274193548387096,0.7792338709677419,0.8533266129032258
37,油气开采Ⅱ,BK1276,3137.35,44.19,1.43,1404895248000,2.37,3,2,ST洲际,8.02,5,0.6,0.9274193548387096,0.7792338709677419,0.8533266129032258
95,铁路公路,BK0421,8047.18,46.38,0.58,766502688000,0.41,25,9,四川成渝,6.14,34,0.735,0.8094758064516129,0.8860887096774194,0.8477822580645161
71,食品加工,BK1280,4056.26,35.36,0.88,224506214000,1.83,18,9,ST西王,5.47,27,0.667,0.8588709677419355,0.8346774193548387,0.8467741935483871
85,交通运输,BK1210,2340.09,15.79,0.68,3117993056000,0.66,86,42,四川成渝,6.14,128,0.672,0.8316532258064516,0.8588709677419355,0.8452620967741935
74,管材,BK1466,1883.28,14.98,0.8,34686991000,1.64,4,2,青龙管业,6.25,6,0.667,0.8518145161290323,0.8346774193548387,0.8432459677419355
52,医疗服务,BK0727,1264.77,15.0,1.2,1021680880000,2.9,31,19,诚达药业,12.86,50,0.62,0.8951612903225806,0.7903225806451613,0.842741935483871
63,航运,BK1482,1491.2,14.15,0.96,647975872000,1.35,12,7,凤凰航运,4.84,19,0.632,0.875,0.8024193548387096,0.8387096774193548
111,水产饲料,BK1509,5974.5,25.5,0.43,91411284000,1.82,3,1,海大集团,4.3,4,0.75,0.7772177419354839,0.8991935483870968,0.8382056451612903
80,辅料,BK1348,2780.51,19.83,0.72,22612340000,2.22,2,1,兴业科技,2.48,3,0.667,0.8407258064516129,0.8346774193548387,0.8377016129032258
98,白酒Ⅲ,BK1575,4006.64,21.66,0.54,2298124864000,0.97,14,6,迎驾贡酒,3.93,20,0.7,0.8034274193548387,0.8709677419354839,0.8371975806451613
99,白酒Ⅱ,BK1277,4006.64,21.66,0.54,2298124864000,0.97,14,6,迎驾贡酒,3.93,20,0.7,0.8034274193548387,0.8709677419354839,0.8371975806451613
110,中药Ⅱ,BK1040,1277.5,5.57,0.44,749357776000,1.54,48,17,众生药业,5.21,65,0.738,0.78125,0.8901209677419355,0.8356854838709677
109,中药Ⅲ,BK1608,1277.5,5.57,0.44,749357776000,1.54,48,17,众生药业,5.21,65,0.738,0.78125,0.8901209677419355,0.8356854838709677
42,磷肥及磷化工,BK1435,3337.29,46.43,1.41,209198663000,2.29,5,4,六国化工,10.03,9,0.556,0.9173387096774194,0.7459677419354839,0.8316532258064516
78,食品饮料,BK0438,24806.68,188.37,0.77,3644584688000,1.31,82,43,皇氏集团,10.1,125,0.656,0.8457661290322581,0.8104838709677419,0.828125
123,洗护用品,BK1496,524.25,1.55,0.3,17710569000,1.0,3,1,两面针,1.07,4,0.75,0.7540322580645161,0.8991935483870968,0.8266129032258065
69,休闲食品,BK1281,2047.67,18.01,0.89,158937720000,1.27,14,9,万辰集团,5.54,23,0.609,0.8618951612903226,0.7862903225806451,0.8240927419354839
83,医药生物,BK1216,4484.19,30.58,0.69,6731335680000,2.53,317,178,甘李药业,10.0,495,0.64,0.8356854838709677,0.8084677419354839,0.8220766129032258
54,炼化及贸易,BK1274,3328.47,39.37,1.2,2846055616000,0.39,16,13,东方盛虹,10.04,29,0.552,0.8951612903225806,0.7419354838709677,0.8185483870967742
26,有机硅,BK1431,3905.22,72.62,1.89,130813192000,5.42,5,5,新亚强,10.01,10,0.5,0.9485887096774194,0.6814516129032258,0.8150201612903225
88,预加工食品,BK1581,5964.96,38.94,0.66,62274508000,1.36,7,4,三全食品,3.2,11,0.636,0.8245967741935484,0.8054435483870968,0.8150201612903225
89,能源金属,BK1015,1012.49,6.51,0.65,519241952000,4.91,7,4,永杉锂业,4.6,11,0.636,0.8225806451612904,0.8054435483870968,0.8140120967741935
104,人力资源服务,BK1568,1736.54,8.19,0.47,20263267000,0.51,2,1,北京人力,1.27,3,0.667,0.7913306451612904,0.8346774193548387,0.8130040322580645
105,酒店,BK1560,2109.55,9.84,0.47,42412559000,1.11,4,2,首旅酒店,3.12,6,0.667,0.7913306451612904,0.8346774193548387,0.8130040322580645
81,农化制品,BK0731,1598.23,11.16,0.7,921193024000,1.98,35,24,六国化工,10.03,59,0.593,0.8387096774193549,0.7721774193548387,0.8054435483870968
113,调味发酵品Ⅲ,BK1576,4608.03,19.18,0.42,339189536000,1.41,10,5,安琪酵母,3.69,15,0.667,0.7731854838709677,0.8346774193548387,0.8039314516129032
114,调味发酵品Ⅱ,BK1278,4608.03,19.18,0.42,339189536000,1.41,10,5,安琪酵母,3.69,15,0.667,0.7731854838709677,0.8346774193548387,0.8039314516129032
40,航海装备Ⅲ,BK1383,5079.79,71.32,1.42,541431008000,2.51,5,5,松发股份,10.0,10,0.5,0.9203629032258065,0.6814516129032258,0.8009072580645161
41,航海装备Ⅱ,BK1230,5079.79,71.32,1.42,541431008000,2.51,5,5,松发股份,10.0,10,0.5,0.9203629032258065,0.6814516129032258,0.8009072580645161
120,白银,BK1616,4335.26,15.49,0.36,103932846000,8.18,2,1,湖南白银,1.3,3,0.667,0.7600806451612904,0.8346774193548387,0.7973790322580645
103,农林牧渔,BK0433,13178.34,62.98,0.48,1171408784000,2.21,68,40,巨星农牧,9.99,108,0.63,0.7943548387096774,0.8004032258064516,0.7973790322580645
46,综合电力设备商,BK1323,1289.66,17.7,1.39,210804281000,0.94,1,1,东方电气,3.36,2,0.5,0.9112903225806451,0.6814516129032258,0.7963709677419355
91,原料药,BK1595,3738.46,23.0,0.62,342341808000,3.27,27,19,欧康医药,13.12,46,0.587,0.8185483870967742,0.7701612903225806,0.7943548387096775
124,粮油加工,BK1504,1275.99,3.69,0.29,156217421000,1.07,6,3,金龙鱼,1.77,9,0.667,0.7520161290322581,0.8346774193548387,0.7933467741935485
127,种子,BK1518,3347.41,9.08,0.27,46759484000,1.63,6,3,康农种业,2.02,9,0.667,0.7469758064516129,0.8346774193548387,0.7908266129032258
126,证券Ⅱ,BK0473,144114.1,393.49,0.27,3802607568000,1.22,32,16,光大证券,3.28,48,0.667,0.7469758064516129,0.8346774193548387,0.7908266129032258
125,证券Ⅲ,BK1366,144114.1,393.49,0.27,3802607568000,1.22,32,16,光大证券,3.28,48,0.667,0.7469758064516129,0.8346774193548387,0.7908266129032258
100,人工景区,BK1562,2576.7,13.36,0.52,31588914000,1.02,3,2,大连圣亚,3.02,5,0.6,0.7993951612903226,0.7792338709677419,0.7893145161290323
101,人工景区,BK1562,2576.7,13.36,0.52,31588914000,1.02,3,2,大连圣亚,3.02,5,0.6,0.7993951612903226,0.7792338709677419,0.7893145161290323
93,端到端供应链服务,BK1491,1640.04,9.81,0.6,26865299000,3.54,4,3,东方嘉盛,3.81,7,0.571,0.8145161290322581,0.7560483870967742,0.7852822580645162
156,白色家电,BK1239,3281.54,0.81,0.02,1095506048000,1.06,8,3,长虹美菱,3.23,11,0.727,0.686491935483871,0.8790322580645161,0.7827620967741935
92,培训教育,BK1557,4266.97,26.14,0.62,49438496000,2.31,6,5,中公教育,10.0,11,0.545,0.8185483870967742,0.7379032258064516,0.778225806451613
141,信托,BK1363,1848.3,2.87,0.16,66403948000,0.61,2,1,陕国投Ａ,1.05,3,0.667,0.719758064516129,0.8346774193548387,0.7772177419354839
106,自然景区,BK1563,2860.88,13.1,0.46,58435338000,1.7,7,5,西藏旅游,5.4,12,0.583,0.7883064516129032,0.7651209677419355,0.7767137096774194
64,个护小家电,BK1458,755.92,7.06,0.94,18734404000,1.19,2,2,倍益康,6.93,4,0.5,0.8709677419354839,0.6814516129032258,0.7762096774193548
158,板材,BK1367,778.47,-0.1,-0.01,450786208000,0.68,9,4,南钢股份,1.91,13,0.692,0.6834677419354839,0.8629032258064516,0.7731854838709677
97,食品及饲料添加剂,BK1429,2046.9,11.45,0.56,244493033000,1.13,12,10,爱普股份,10.04,22,0.545,0.8064516129032258,0.7379032258064516,0.7721774193548387
108,商用车,BK1264,2503.58,11.19,0.45,269249968000,1.42,8,6,一汽解放,2.75,14,0.571,0.7852822580645161,0.7560483870967742,0.7706653225806452
122,酒店餐饮,BK1271,2020.37,6.71,0.33,53278126000,1.05,6,4,首旅酒店,3.12,10,0.6,0.7560483870967742,0.7792338709677419,0.767641129032258
75,粮食种植,BK1515,843.75,6.66,0.8,31201919000,0.97,1,1,北大荒,1.85,2,0.5,0.8518145161290323,0.6814516129032258,0.766633064516129
102,物流,BK0422,6855.84,33.87,0.5,635727632000,1.16,25,21,申通快递,5.03,46,0.543,0.7963709677419355,0.7338709677419355,0.7651209677419355
119,水务及水治理,BK1390,1983.91,7.62,0.39,282174896000,1.31,28,20,中持股份,10.04,48,0.583,0.7651209677419355,0.7651209677419355,0.7651209677419355
153,房屋建设Ⅱ,BK1246,1719.37,1.22,0.07,255995350000,0.53,4,2,陕建股份,1.44,6,0.667,0.6945564516129032,0.8346774193548387,0.764616935483871
152,房屋建设Ⅲ,BK1470,1719.37,1.22,0.07,255995350000,0.53,4,2,陕建股份,1.44,6,0.667,0.6945564516129032,0.8346774193548387,0.764616935483871
77,氮肥,BK1432,1685.19,12.9,0.77,88347731000,1.78,2,2,华鲁恒升,4.9,4,0.5,0.8457661290322581,0.6814516129032258,0.763608870967742
137,软饮料,BK1586,1778.95,3.25,0.18,182851235000,0.94,5,3,东鹏饮料,1.59,8,0.625,0.7258064516129032,0.7953629032258065,0.7605846774193549
116,出版,BK1218,1736.87,6.83,0.39,229265583000,0.8,16,12,南方传媒,4.94,28,0.571,0.7651209677419355,0.7560483870967742,0.7605846774193549
82,彩电,BK1453,4566.24,31.31,0.69,117743971000,2.44,2,2,兆驰股份,6.02,4,0.5,0.8356854838709677,0.6814516129032258,0.7585685483870968
84,石油石化,BK0464,6133.13,41.46,0.68,4460342016000,0.52,23,23,贝肯能源,9.98,46,0.5,0.8316532258064516,0.6814516129032258,0.7565524193548387
140,非银金融,BK1203,2442.88,3.8,0.16,7130396416000,0.99,48,30,渤海租赁,3.4,78,0.615,0.719758064516129,0.7883064516129032,0.7540322580645161
136,产业地产,BK1344,2234.71,4.28,0.19,128846887000,0.78,7,5,上海临港,3.1,12,0.583,0.7278225806451613,0.7651209677419355,0.7464717741935484
129,农药,BK1436,2746.63,6.25,0.23,212687671000,1.84,19,15,利民股份,3.82,34,0.559,0.7399193548387096,0.75,0.7449596774193548
138,保健品,BK1579,3511.65,6.12,0.17,51741062000,2.54,5,4,ST西王,5.47,9,0.556,0.7237903225806451,0.7459677419354839,0.7348790322580645
132,跨境物流,BK1488,1535.39,3.44,0.22,163251585000,0.75,7,6,嘉友国际,4.05,13,0.538,0.7358870967741935,0.7318548387096774,0.7338709677419355
86,摩托车及其他,BK1263,3409.12,22.85,0.67,220350188000,1.15,8,9,涛涛车业,10.6,17,0.471,0.8276209677419355,0.6391129032258065,0.733366935483871
90,特种纸,BK1545,2529.49,15.7,0.62,73350859000,2.68,6,7,宜宾纸业,9.99,13,0.462,0.8185483870967742,0.6330645161290323,0.7258064516129032
226,冶钢辅料,BK1372,6107.69,-32.75,-0.53,86699231000,1.81,3,1,鄂尔多斯,1.63,4,0.75,0.5483870967741935,0.8991935483870968,0.7237903225806451
117,磨具磨料,BK1397,10591.57,40.74,0.39,182487026000,9.53,7,7,黄河旋风,10.02,14,0.5,0.7651209677419355,0.6814516129032258,0.7232862903225806
118,教育运营及其他,BK1556,738.44,2.84,0.39,8762007000,2.49,1,1,ST豆神,1.82,2,0.5,0.7651209677419355,0.6814516129032258,0.7232862903225806
167,硅料硅片,BK1319,2119.43,-1.79,-0.08,97579324000,4.21,3,2,双良节能,2.78,5,0.6,0.6673387096774194,0.7792338709677419,0.7232862903225806
94,模拟芯片设计,BK1330,7989.33,47.04,0.59,736537232000,3.91,16,19,盛景微,10.0,35,0.457,0.8125,0.6310483870967742,0.7217741935483871
150,商业地产,BK1345,1157.86,1.01,0.09,177132290000,0.7,6,5,中国国贸,2.99,11,0.545,0.6985887096774194,0.7379032258064516,0.7182459677419355
199,其他家电Ⅲ,BK1456,1105.89,-3.8,-0.34,9737547000,1.3,2,1,荣泰健康,1.11,3,0.667,0.6008064516129032,0.8346774193548387,0.717741935483871
200,其他家电Ⅱ,BK1243,1105.89,-3.8,-0.34,9737547000,1.3,2,1,荣泰健康,1.11,3,0.667,0.6008064516129032,0.8346774193548387,0.717741935483871
254,铁路运输,BK1485,1390.86,-11.12,-0.79,373741088000,0.37,6,1,大秦铁路,1.49,7,0.857,0.49193548387096775,0.9294354838709677,0.7106854838709677
130,游戏Ⅲ,BK1301,1288.41,2.92,0.23,421179488000,2.4,11,11,名臣健康,7.18,22,0.5,0.7399193548387096,0.6814516129032258,0.7106854838709677
131,游戏Ⅱ,BK1046,1288.41,2.92,0.23,421179488000,2.4,11,11,名臣健康,7.18,22,0.5,0.7399193548387096,0.6814516129032258,0.7106854838709677
134,农业综合Ⅱ,BK1257,2091.8,4.23,0.2,9627061000,0.81,1,1,辉隆股份,0.86,2,0.5,0.7318548387096774,0.6814516129032258,0.7066532258064515
133,农业综合Ⅲ,BK1506,2091.8,4.23,0.2,9627061000,0.81,1,1,辉隆股份,0.86,2,0.5,0.7318548387096774,0.6814516129032258,0.7066532258064515
115,教育,BK0740,520.97,2.15,0.41,67009906000,2.23,7,8,中公教育,10.0,15,0.467,0.7701612903225806,0.6360887096774194,0.703125
144,制冷空调设备,BK1400,4624.42,6.27,0.14,216420377000,3.16,10,10,申菱环境,5.89,20,0.5,0.7137096774193549,0.6814516129032258,0.6975806451612903
219,冰洗,BK1449,1944.78,-9.4,-0.48,230915129000,1.35,6,3,长虹美菱,3.23,9,0.667,0.5604838709677419,0.8346774193548387,0.6975806451612903
168,氯碱,BK1418,2131.82,-2.03,-0.1,151456898000,2.12,8,7,航锦科技,5.01,15,0.533,0.6622983870967742,0.7298387096774194,0.6960685483870968
146,餐饮,BK1559,1320.61,1.71,0.13,10865566000,0.95,2,2,全 聚 德,1.26,4,0.5,0.7086693548387096,0.6814516129032258,0.6950604838709677
145,锂,BK1621,19023.09,25.27,0.13,397574944000,5.59,4,4,永杉锂业,4.65,8,0.5,0.7086693548387096,0.6814516129032258,0.6950604838709677
184,半导体设备,BK1326,62736.75,-149.67,-0.24,2482871536000,4.18,12,9,京仪装备,5.8,21,0.571,0.6320564516129032,0.7560483870967742,0.6940524193548387
151,纯碱,BK1417,940.58,0.8,0.09,46269893000,2.07,2,2,博源化工,0.83,4,0.5,0.6985887096774194,0.6814516129032258,0.6900201612903225
173,其他电子Ⅱ,BK1223,17421.44,-25.51,-0.15,551577008000,5.28,17,16,中电港,10.0,33,0.515,0.6532258064516129,0.7237903225806451,0.688508064516129
172,其他电子Ⅲ,BK1336,17421.44,-25.51,-0.15,551577008000,5.28,17,16,中电港,10.0,33,0.515,0.6532258064516129,0.7237903225806451,0.688508064516129
171,医疗耗材,BK1604,4292.01,-5.64,-0.13,426339792000,2.03,27,26,英科医疗,10.25,53,0.509,0.657258064516129,0.717741935483871,0.6875
187,普钢,BK1226,714.83,-1.85,-0.26,492879456000,0.68,10,8,南钢股份,1.91,18,0.556,0.623991935483871,0.7459677419354839,0.6849798387096775
163,宠物食品,BK1507,1467.48,-0.92,-0.06,29800497000,1.58,2,2,中宠股份,1.33,4,0.5,0.6723790322580645,0.6814516129032258,0.6769153225806451
169,瓷砖地板,BK1538,1463.94,-1.51,-0.1,76608547000,2.44,6,6,爱丽家居,9.99,12,0.5,0.6622983870967742,0.6814516129032258,0.671875
121,文化用品,BK1542,2656.7,9.02,0.34,37717797000,1.67,2,3,齐心集团,3.58,5,0.4,0.7580645161290323,0.5786290322580645,0.6683467741935484
147,水泥制造,BK1464,2021.34,2.37,0.12,240088329000,0.65,5,6,宁夏建材,5.15,11,0.455,0.7056451612903226,0.6270161290322581,0.6663306451612904
176,综合乘用车,BK1520,2428.16,-4.64,-0.19,384012256000,0.81,3,3,长城汽车,2.47,6,0.5,0.6471774193548387,0.6814516129032258,0.6643145161290323
177,金融控股,BK1359,1932.99,-3.88,-0.2,239636961000,0.55,4,4,国投资本,1.07,8,0.5,0.6451612903225806,0.6814516129032258,0.6633064516129032
178,核力发电,BK1376,600.04,-1.26,-0.21,481567216000,0.26,1,1,中国广核,0.26,2,0.5,0.6411290322580645,0.6814516129032258,0.6612903225806451
148,水力发电,BK1380,3757.73,4.31,0.11,1121860000000,0.52,4,5,韶能股份,6.52,9,0.444,0.7036290322580645,0.6169354838709677,0.6602822580645161
222,其他农产品加工,BK1505,2228.63,-10.9,-0.49,65538402000,1.19,7,5,晨光生物,1.62,12,0.583,0.5554435483870968,0.7651209677419355,0.6602822580645161
220,金属包装,BK1532,2961.99,-14.43,-0.48,55590594000,2.02,4,3,昇兴股份,3.23,7,0.571,0.5604838709677419,0.7560483870967742,0.658266129032258
157,旅游及景区,BK1272,2802.93,0.66,0.02,123890147000,1.34,10,12,西藏旅游,5.4,22,0.455,0.686491935483871,0.6270161290322581,0.6567540322580645
135,造纸,BK1267,2491.8,4.88,0.2,160476103000,2.08,10,15,宜宾纸业,9.99,25,0.4,0.7318548387096774,0.5786290322580645,0.655241935483871
142,房地产开发,BK0451,13065.21,18.04,0.14,849983792000,1.59,34,47,金科股份,10.0,81,0.42,0.7137096774193549,0.594758064516129,0.654233870967742
210,固废治理,BK1389,2942.94,-12.58,-0.43,327911024000,2.26,17,16,大地海洋,4.79,33,0.515,0.5776209677419355,0.7237903225806451,0.6507056451612903
191,涂料,BK1469,934.37,-2.74,-0.29,24268429000,1.38,1,1,三棵树,0.85,2,0.5,0.6169354838709677,0.6814516129032258,0.6491935483870968
149,医院,BK1601,5952.2,5.69,0.1,186458259000,1.72,5,7,三博脑科,5.37,12,0.417,0.7016129032258065,0.592741935483871,0.6471774193548387
155,超市,BK1552,1562.19,0.77,0.05,64729303000,1.95,3,4,家家悦,2.12,7,0.429,0.6905241935483871,0.6008064516129032,0.6456653225806452
175,工程机械整机,BK1393,4323.76,-7.78,-0.18,557530080000,1.29,10,11,山推股份,5.72,21,0.476,0.6491935483870968,0.6411290322580645,0.6451612903225806
162,其他石化,BK1570,2764.93,-1.42,-0.05,116923923000,2.14,6,8,桐昆股份,4.2,14,0.429,0.6754032258064516,0.6008064516129032,0.6381048387096775
202,种植业,BK1261,2169.53,-7.96,-0.37,127529220000,1.8,10,10,康农种业,2.09,20,0.5,0.592741935483871,0.6814516129032258,0.6370967741935484
204,品牌化妆品,BK1498,1435.67,-5.34,-0.37,91935240000,1.94,4,4,丸美生物,5.14,8,0.5,0.592741935483871,0.6814516129032258,0.6370967741935484
166,啤酒,BK1577,2249.97,-1.79,-0.08,149214732000,0.77,3,4,青岛啤酒,1.84,7,0.429,0.6673387096774194,0.6008064516129032,0.6340725806451613
180,医疗器械,BK1041,906.03,-1.95,-0.21,1228480432000,1.91,61,73,英科医疗,10.25,134,0.455,0.6411290322580645,0.6270161290322581,0.6340725806451613
190,环境治理,BK1235,2370.65,-6.76,-0.28,752901248000,1.85,51,53,中持股份,10.04,104,0.49,0.6199596774193549,0.6451612903225806,0.6325604838709677
170,轮胎轮毂,BK1527,2809.32,-3.19,-0.11,241345654000,1.74,9,12,赛轮轮胎,5.78,21,0.429,0.6592741935483871,0.6008064516129032,0.6300403225806452
181,体外诊断,BK1603,3239.1,-7.12,-0.22,237432222000,1.55,18,22,博拓生物,9.86,40,0.45,0.6370967741935484,0.6209677419354839,0.6290322580645161
230,钢铁,BK0479,7694.34,-48.02,-0.62,828820928000,0.8,20,19,中信特钢,2.82,39,0.513,0.5372983870967742,0.719758064516129,0.6285282258064516
270,厨卫电器,BK1240,5406.81,-52.07,-0.95,47607278000,1.81,5,3,万和电气,2.63,8,0.625,0.46068548387096775,0.7953629032258065,0.6280241935483871
196,纺织制造,BK1224,2555.76,-8.27,-0.32,187625311000,1.97,15,16,华孚时尚,9.97,31,0.484,0.6088709677419355,0.6431451612903226,0.626008064516129
273,冶钢原料,BK1228,3571.13,-35.72,-0.99,156346615000,1.78,5,3,鄂尔多斯,1.63,8,0.625,0.45161290322580644,0.7953629032258065,0.6234879032258065
96,厨房小家电,BK1457,2121.42,12.14,0.58,75385608000,0.73,3,7,爱仕达,9.99,10,0.3,0.8094758064516129,0.43548387096774194,0.6224798387096774
143,住宅开发,BK1346,1787.58,2.43,0.14,544004624000,1.89,21,37,金科股份,10.0,58,0.362,0.7137096774193549,0.5292338709677419,0.6214717741935484
161,房地产,BK1202,1854.56,-0.79,-0.04,904009856000,1.59,37,58,金科股份,10.0,95,0.389,0.6774193548387096,0.561491935483871,0.6194556451612903
223,房地产综合服务,BK1342,1144.45,-6.01,-0.52,6381034000,1.73,1,1,中交发展,2.78,2,0.5,0.5524193548387096,0.6814516129032258,0.6169354838709677
248,农产品加工,BK1256,2070.56,-15.01,-0.72,262441629000,1.28,14,13,金龙鱼,1.81,27,0.519,0.501008064516129,0.7278225806451613,0.6144153225806451
128,熟食,BK1584,2089.19,5.55,0.27,22182838000,0.87,1,2,煌上煌,2.18,3,0.333,0.7469758064516129,0.4798387096774194,0.6134072580645161
193,多元金融,BK0738,562.56,-1.75,-0.31,504404048000,0.76,11,14,渤海租赁,3.4,25,0.44,0.6139112903225806,0.6129032258064516,0.6134072580645161
164,个护用品,BK1251,591.24,-0.38,-0.06,69533557000,1.12,5,8,洁雅股份,9.55,13,0.385,0.6723790322580645,0.5524193548387096,0.612399193548387
186,基建市政工程,BK1472,1965.78,-4.92,-0.25,717012448000,0.59,11,16,交建股份,10.09,27,0.407,0.6280241935483871,0.5907258064516129,0.609375
214,铝,BK1613,2622.41,-11.67,-0.44,800698720000,2.27,14,16,明泰铝业,3.11,30,0.467,0.5725806451612904,0.6360887096774194,0.6043346774193549
188,涤纶,BK1413,1597.88,-4.19,-0.26,77154787000,1.72,4,6,*ST三房,6.06,10,0.4,0.623991935483871,0.5786290322580645,0.6013104838709677
139,分立器件,BK1327,20141.92,32.72,0.16,764552384000,5.4,6,12,银河微电,13.39,18,0.333,0.719758064516129,0.4798387096774194,0.5997983870967742
242,旅游零售Ⅱ,BK1269,5877.09,-41.32,-0.7,118998601000,1.11,1,1,中国中免,0.13,2,0.5,0.5141129032258065,0.6814516129032258,0.5977822580645161
213,化学原料,BK1019,1029.63,-4.55,-0.44,836638896000,1.96,28,34,振华股份,10.0,62,0.452,0.5725806451612904,0.6229838709677419,0.5977822580645161
241,旅游零售Ⅲ,BK1549,5877.09,-41.32,-0.7,118998601000,1.11,1,1,中国中免,0.13,2,0.5,0.5141129032258065,0.6814516129032258,0.5977822580645161
192,汽车经销商,BK1523,1291.37,-3.99,-0.31,17964620000,0.63,2,3,国机汽车,2.81,5,0.4,0.6139112903225806,0.5786290322580645,0.5962701612903225
194,半导体,BK1036,3479.47,-11.05,-0.32,13867743488000,5.44,69,107,盛景微,10.0,176,0.392,0.6088709677419355,0.5665322580645161,0.5877016129032258
195,医疗设备,BK1605,5781.88,-18.62,-0.32,564708416000,2.18,16,25,瑞迈特,6.88,41,0.39,0.6088709677419355,0.5645161290322581,0.5866935483870968
154,广告媒体,BK1292,2074.97,1.03,0.05,79929268000,1.46,1,2,分众传媒,3.27,3,0.333,0.6905241935483871,0.4798387096774194,0.5851814516129032
205,多业态零售,BK1553,1383.27,-5.24,-0.38,65351506000,1.54,6,9,百联股份,1.97,15,0.4,0.5887096774193549,0.5786290322580645,0.5836693548387097
209,化妆品,BK1252,2006.65,-8.27,-0.41,118476281000,1.68,6,9,丸美生物,5.14,15,0.4,0.5836693548387096,0.5786290322580645,0.581149193548387
159,油品石化贸易,BK1571,3193.91,-0.56,-0.02,31122703000,2.64,2,4,恒通股份,2.76,6,0.333,0.6814516129032258,0.4798387096774194,0.5806451612903225
160,烘焙食品,BK1582,693.92,-0.23,-0.03,38352077000,1.05,3,6,西麦食品,3.28,9,0.333,0.6794354838709677,0.4798387096774194,0.5796370967741935
179,水泥,BK0424,25380.11,-54.6,-0.21,269093824000,0.82,7,13,宁夏建材,5.15,20,0.35,0.6411290322580645,0.5151209677419355,0.578125
203,大众出版,BK1289,1524.44,-5.65,-0.37,113040056000,0.96,7,11,中原传媒,4.31,18,0.389,0.592741935483871,0.561491935483871,0.577116935483871
198,美容护理,BK1035,879.14,-3.01,-0.34,253790546000,1.35,12,20,洁雅股份,9.55,32,0.375,0.6008064516129032,0.5423387096774194,0.5715725806451613
185,其他电源设备Ⅲ,BK1322,9773.62,-24.04,-0.25,518050304000,2.76,9,17,海博思创,6.75,26,0.346,0.6280241935483871,0.5120967741935484,0.5700604838709677
201,美容护理,BK1035,879.1,-3.05,-0.35,253772650000,1.35,12,20,洁雅股份,9.55,32,0.375,0.5967741935483871,0.5423387096774194,0.5695564516129032
218,其他种植业,BK1516,790.66,-3.81,-0.48,36174756000,1.86,2,3,海南橡胶,1.63,5,0.4,0.5604838709677419,0.5786290322580645,0.5695564516129032
235,燃气Ⅱ,BK1028,1801.81,-11.56,-0.64,269216160000,1.12,13,17,德龙汇能,9.99,30,0.433,0.5282258064516129,0.6078629032258065,0.5680443548387097
234,燃气Ⅲ,BK1381,1801.81,-11.56,-0.64,269216160000,1.12,13,17,德龙汇能,9.99,30,0.433,0.5282258064516129,0.6078629032258065,0.5680443548387097
174,水产养殖,BK1514,558.96,-0.85,-0.15,10319381000,1.49,1,2,獐子岛,0.65,3,0.333,0.6532258064516129,0.4798387096774194,0.5665322580645161
212,基础建设,BK1247,2089.07,-9.2,-0.44,770803824000,0.89,17,27,交建股份,10.09,44,0.386,0.5725806451612904,0.5574596774193549,0.5650201612903226
227,渔业,BK1260,861.65,-4.7,-0.54,15458697000,1.42,2,3,獐子岛,0.65,5,0.4,0.5443548387096774,0.5786290322580645,0.561491935483871
245,其他家居用品,BK1540,6322.98,-45.09,-0.71,174286987000,1.59,10,13,太力科技,8.81,23,0.435,0.5070564516129032,0.6108870967741935,0.5589717741935484
183,粘胶,BK1416,1404.75,-3.35,-0.24,21609623000,3.69,1,2,ST海龙,4.94,3,0.333,0.6320564516129032,0.4798387096774194,0.5559475806451613
189,大宗用纸,BK1544,1899.6,-5.33,-0.28,87118553000,1.81,4,8,太阳纸业,4.04,12,0.333,0.6199596774193549,0.4798387096774194,0.5498991935483871
228,一般零售,BK0482,15477.46,-86.96,-0.56,413645136000,1.18,22,35,全新好,6.36,57,0.386,0.5423387096774194,0.5574596774193549,0.5498991935483871
231,非运动服装,BK1352,2067.3,-12.97,-0.62,224733630000,1.52,14,23,ST际华,8.38,37,0.378,0.5372983870967742,0.5483870967741935,0.5428427419354839
244,商业物业经营,BK1554,1627.71,-11.58,-0.71,168782637000,0.76,6,9,全新好,6.36,15,0.4,0.5070564516129032,0.5786290322580645,0.5428427419354839
257,环保,BK0728,548.62,-4.54,-0.82,921202832000,1.95,52,78,中持股份,10.04,130,0.4,0.48286290322580644,0.5786290322580645,0.5307459677419355
269,家纺,BK1353,4118.9,-39.64,-0.95,31939297000,1.33,3,4,水星家纺,2.94,7,0.429,0.46068548387096775,0.6008064516129032,0.5307459677419355
239,油田服务,BK1573,1479.88,-9.95,-0.67,146667809000,0.66,3,5,贝肯能源,9.98,8,0.375,0.5191532258064516,0.5423387096774194,0.5307459677419355
310,资产管理,BK1364,3610.9,-45.76,-1.25,39685046000,0.98,2,2,四川双马,0.87,4,0.5,0.375,0.6814516129032258,0.5282258064516129
224,社会服务,BK1214,3954.36,-20.99,-0.53,483855152000,1.71,28,55,中公教育,10.0,83,0.337,0.5483870967741935,0.5050403225806451,0.5267137096774193
197,其他通用设备,BK1398,6211.0,-20.45,-0.33,478459568000,5.07,17,38,宏盛股份,10.0,55,0.309,0.6048387096774194,0.44556451612903225,0.5252016129032258
250,纺织服饰,BK0436,13493.09,-104.72,-0.77,622531616000,1.76,39,65,华孚时尚,9.97,104,0.375,0.4969758064516129,0.5423387096774194,0.5196572580645161
247,成品家居,BK1537,2419.08,-17.38,-0.71,102982664000,1.51,6,11,致欧科技,1.82,17,0.353,0.5070564516129032,0.5241935483870968,0.515625
290,塑料包装,BK1533,4232.65,-50.34,-1.18,49774781000,1.94,4,5,新天力,5.78,9,0.444,0.41330645161290325,0.6169354838709677,0.5151209677419355
324,铁矿石,BK1371,1617.1,-22.23,-1.36,69647384000,1.64,2,2,河钢资源,0.78,4,0.5,0.3477822580645161,0.6814516129032258,0.514616935483871
225,其他养殖,BK1510,777.24,-4.14,-0.53,8254338000,1.01,1,2,华英农业,1.11,3,0.333,0.5483870967741935,0.4798387096774194,0.5141129032258065
252,家居用品,BK0440,46663.17,-372.31,-0.79,463363296000,1.62,28,47,爱丽家居,9.99,75,0.373,0.49193548387096775,0.5362903225806451,0.5141129032258065
215,数字芯片设计,BK1331,32093.51,-143.52,-0.45,5462638080000,4.37,16,33,江波龙,12.23,49,0.327,0.5685483870967742,0.4576612903225806,0.5131048387096775
249,园林工程,BK1473,3427.92,-24.98,-0.72,53949653000,3.65,6,11,农尚环境,6.86,17,0.353,0.501008064516129,0.5241935483870968,0.5126008064516129
229,金融信息服务,BK1360,4589.36,-27.04,-0.59,35620662000,2.2,1,2,仁东控股,1.46,3,0.333,0.5403225806451613,0.4798387096774194,0.5100806451612903
283,鞋帽及其他,BK1354,718.61,-7.83,-1.08,45363631000,3.05,4,6,*ST起步,6.8,10,0.4,0.4334677419354839,0.5786290322580645,0.5060483870967742
334,印染,BK1351,1543.86,-22.62,-1.44,16756854000,2.65,2,2,航民股份,0.93,4,0.5,0.32963709677419356,0.6814516129032258,0.5055443548387096
253,百货,BK1551,1765.9,-14.09,-0.79,114776207000,1.1,7,13,中兴商业,1.46,20,0.35,0.49193548387096775,0.5151209677419355,0.5035282258064516
261,服装家纺,BK1225,2407.25,-20.61,-0.85,328188352000,1.69,21,37,ST际华,8.38,58,0.362,0.4747983870967742,0.5292338709677419,0.502016129032258
306,聚氨酯,BK1426,3600.5,-44.68,-1.23,256687587000,2.5,4,5,万华化学,2.65,9,0.444,0.38306451612903225,0.6169354838709677,0.5
221,影视动漫制作,BK1299,3202.38,-15.65,-0.49,127282286000,2.4,4,9,欢瑞世纪,9.94,13,0.308,0.5554435483870968,0.4425403225806452,0.498991935483871
207,综合,BK1217,11344.94,-46.27,-0.41,205732000000,1.56,5,13,综艺股份,3.28,18,0.278,0.5836693548387096,0.40725806451612906,0.4954637096774194
206,综合Ⅲ,BK1627,11344.94,-46.27,-0.41,205732000000,1.56,5,13,综艺股份,3.28,18,0.278,0.5836693548387096,0.40725806451612906,0.4954637096774194
208,综合Ⅱ,BK0539,11344.94,-46.27,-0.41,205732000000,1.56,5,13,综艺股份,3.28,18,0.278,0.5836693548387096,0.40725806451612906,0.4954637096774194
216,化妆品制造及其他,BK1497,2329.98,-10.67,-0.46,26541041000,1.29,2,5,锦盛新材,3.06,7,0.286,0.5665322580645161,0.4183467741935484,0.49243951612903225
262,轻工制造,BK1212,3211.88,-27.69,-0.85,998805264000,2.0,57,112,宜宾纸业,9.99,169,0.337,0.4747983870967742,0.5050403225806451,0.48991935483870963
211,小家电,BK1244,2135.24,-9.21,-0.43,192162035000,0.88,6,16,爱仕达,9.99,22,0.273,0.5776209677419355,0.3951612903225806,0.48639112903225806
258,乘用车,BK1262,3515.38,-29.11,-0.82,1320223072000,0.91,3,6,长城汽车,2.47,9,0.333,0.48286290322580644,0.4798387096774194,0.4813508064516129
182,生活用纸,BK1495,1120.08,-2.55,-0.23,51822988000,1.16,2,7,洁雅股份,9.55,9,0.222,0.6350806451612904,0.3215725806451613,0.47832661290322587
285,家用电器,BK0456,23534.89,-267.92,-1.13,2018961824000,2.0,37,68,爱仕达,9.99,105,0.352,0.4274193548387097,0.5201612903225806,0.47379032258064513
243,影视院线,BK1222,3160.83,-22.23,-0.7,164924888000,2.64,5,12,欢瑞世纪,9.94,17,0.294,0.5141129032258065,0.4264112903225806,0.47026209677419356
165,商用载客车,BK1531,3176.01,-2.47,-0.08,84485179000,1.45,1,4,宇通客车,1.49,5,0.2,0.6673387096774194,0.2721774193548387,0.469758064516129
286,基础化工,BK1206,3758.89,-43.79,-1.15,5032377600000,2.66,150,287,阿科力,10.0,437,0.343,0.4254032258064516,0.5100806451612904,0.467741935483871
271,医美耗材,BK1500,1365.38,-13.24,-0.96,59828334000,1.0,1,2,锦波生物,0.48,3,0.333,0.45564516129032256,0.4798387096774194,0.467741935483871
287,工业金属,BK1287,3241.05,-37.89,-1.16,2792169840000,2.68,20,39,明泰铝业,3.11,59,0.339,0.4223790322580645,0.5080645161290323,0.4652217741935484
217,其他医疗服务,BK1599,3997.22,-18.93,-0.47,19836583000,1.79,1,3,南华生物,2.26,4,0.25,0.5645161290322581,0.3649193548387097,0.4647177419354839
278,特钢Ⅱ,BK1227,2013.38,-20.86,-1.03,179222843000,0.73,4,8,中信特钢,2.82,12,0.333,0.4425403225806452,0.4798387096774194,0.46118951612903225
255,钢结构,BK1474,2593.88,-20.84,-0.8,57536160000,1.26,3,7,鸿路钢构,2.35,10,0.3,0.48689516129032256,0.43548387096774194,0.46118951612903225
277,特钢Ⅲ,BK1370,2013.38,-20.86,-1.03,179222843000,0.73,4,8,中信特钢,2.82,12,0.333,0.4425403225806452,0.4798387096774194,0.46118951612903225
296,装修建材,BK0476,15931.04,-191.16,-1.19,253687855000,2.07,13,24,青龙管业,6.33,37,0.351,0.4032258064516129,0.5181451612903226,0.46068548387096775
251,油服工程,BK1275,1673.06,-13.02,-0.77,209097908000,0.76,4,10,贝肯能源,9.98,14,0.286,0.4969758064516129,0.4183467741935484,0.4576612903225806
267,商贸零售,BK1213,2073.02,-19.78,-0.95,831470256000,1.22,31,67,全新好,6.36,98,0.316,0.46068548387096775,0.45161290322580644,0.4561491935483871
266,通信终端及配件,BK1593,3953.1,-37.41,-0.94,420175264000,3.39,8,19,菲菱科思,20.0,27,0.296,0.4657258064516129,0.42943548387096775,0.4475806451612903
293,家电零部件Ⅱ,BK1242,5340.71,-63.73,-1.18,419752720000,3.92,12,24,星帅尔,10.03,36,0.333,0.41330645161290325,0.4798387096774194,0.4465725806451613
292,家电零部件Ⅲ,BK1455,5340.71,-63.73,-1.18,419752720000,3.92,12,24,星帅尔,10.03,36,0.333,0.41330645161290325,0.4798387096774194,0.4465725806451613
303,化学制品,BK0538,33341.29,-409.33,-1.21,1896784576000,3.15,59,117,阿科力,10.0,176,0.335,0.3911290322580645,0.5020161290322581,0.4465725806451613
279,传媒,BK0486,8983.58,-94.96,-1.05,1387918640000,2.42,40,86,欢瑞世纪,9.94,126,0.317,0.43850806451612906,0.4536290322580645,0.44606854838709675
263,跨境电商,BK1547,2527.66,-22.16,-0.87,47983167000,2.82,2,5,赛维时代,3.61,7,0.286,0.4717741935483871,0.4183467741935484,0.44506048387096775
322,其他塑料制品,BK1440,5066.33,-69.25,-1.35,127864012000,2.24,8,14,艾艾精工,4.48,22,0.364,0.35181451612903225,0.5332661290322581,0.4425403225806452
396,厨房电器,BK1451,7917.84,-178.04,-2.2,33167105000,1.86,3,3,火星人,1.61,6,0.5,0.20362903225806453,0.6814516129032258,0.44254032258064513
299,海洋捕捞,BK1513,979.63,-11.8,-1.19,5128033000,1.05,1,2,开创国际,0.49,3,0.333,0.4032258064516129,0.4798387096774194,0.4415322580645161
327,其他建材Ⅲ,BK1468,4656.37,-65.74,-1.39,117198249000,2.17,6,11,北新建材,2.65,17,0.353,0.34274193548387094,0.5241935483870968,0.4334677419354839
342,合成树脂,BK1438,9368.76,-151.95,-1.6,198641563000,7.8,5,8,兴业股份,6.33,13,0.385,0.3094758064516129,0.5524193548387096,0.43094758064516125
300,建筑装饰,BK1209,2913.47,-35.34,-1.2,1812421024000,1.15,49,107,恒尚节能,9.99,156,0.314,0.3971774193548387,0.4485887096774194,0.422883064516129
237,汽车服务,BK1016,879.37,-5.79,-0.65,40286467000,1.05,2,7,国机汽车,2.81,9,0.222,0.5241935483870968,0.3215725806451613,0.422883064516129
357,贵金属,BK0732,2116.9,-37.6,-1.75,559523216000,5.5,5,8,山金国际,2.47,13,0.385,0.28225806451612906,0.5524193548387096,0.4173387096774194
291,卫浴制品,BK1541,634.47,-7.57,-1.18,34804962000,0.92,2,5,建霖家居,0.59,7,0.286,0.41330645161290325,0.4183467741935484,0.4158266129032258
246,水泥制品,BK1463,1989.03,-14.25,-0.71,29009359000,1.77,2,7,三和管桩,3.49,9,0.222,0.5070564516129032,0.3215725806451613,0.41431451612903225
268,纺织化学制品,BK1423,1470.35,-14.03,-0.95,94808369000,2.63,3,9,闰土股份,4.36,12,0.25,0.46068548387096775,0.3649193548387097,0.41280241935483875
272,其他运输设备,BK1522,1754.61,-17.31,-0.98,65209594000,1.38,2,6,绿通科技,1.03,8,0.25,0.4536290322580645,0.3649193548387097,0.4092741935483871
314,工程机械,BK0739,2260.24,-28.78,-1.26,787828544000,1.38,11,24,唯万密封,7.03,35,0.314,0.3699596774193548,0.4485887096774194,0.4092741935483871
280,公用事业,BK0427,9135.9,-96.75,-1.05,4261304608000,1.16,34,100,德龙汇能,9.99,134,0.254,0.43850806451612906,0.37701612903225806,0.40776209677419356
274,逆变器,BK1320,16678.41,-167.97,-1.0,495468768000,2.17,2,6,阳光电源,2.54,8,0.25,0.4495967741935484,0.3649193548387097,0.407258064516129
275,医疗美容,BK1253,1033.28,-10.63,-1.02,65762810000,0.73,1,3,锦波生物,0.48,4,0.25,0.4465725806451613,0.3649193548387097,0.4057459677419355
233,电能综合服务,BK1373,3113.76,-19.76,-0.63,212654612000,1.05,3,12,三峡水利,4.9,15,0.2,0.5332661290322581,0.2721774193548387,0.4027217741935484
367,大气治理,BK1388,3010.59,-57.1,-1.86,73222767000,2.75,3,5,电投水电,2.24,8,0.375,0.2610887096774194,0.5423387096774194,0.4017137096774194
264,输变电设备,BK1311,4119.82,-37.56,-0.9,567699600000,2.22,7,24,长高电气,5.65,31,0.226,0.46975806451612906,0.3336693548387097,0.4017137096774194
236,风力发电,BK1374,1965.86,-12.74,-0.64,841397552000,1.3,3,12,龙源电力,2.41,15,0.2,0.5282258064516129,0.2721774193548387,0.40020161290322576
326,其他化学制品,BK1428,4567.79,-64.26,-1.39,529667360000,3.13,25,53,阿科力,10.0,78,0.321,0.34274193548387094,0.45564516129032256,0.39919354838709675
305,工程咨询服务Ⅱ,BK0726,776.53,-9.54,-1.21,234203943000,3.5,13,34,同济科技,5.12,47,0.277,0.3911290322580645,0.39919354838709675,0.3951612903225806
304,工程咨询服务Ⅲ,BK1471,776.53,-9.54,-1.21,234203943000,3.5,13,34,同济科技,5.12,47,0.277,0.3911290322580645,0.39919354838709675,0.3951612903225806
347,化学工程,BK1476,2474.98,-40.5,-1.61,71072041000,1.46,2,4,中国化学,1.32,6,0.333,0.3024193548387097,0.4798387096774194,0.3911290322580645
302,其他计算机设备,BK1446,7944.74,-97.39,-1.21,1062149280000,2.84,17,47,中国长城,9.99,64,0.266,0.3911290322580645,0.3850806451612903,0.3881048387096774
350,防水材料,BK1465,8028.17,-136.94,-1.68,42664276000,2.24,1,2,东方雨虹,0.08,3,0.333,0.29435483870967744,0.4798387096774194,0.3870967741935484
354,综合电商,BK1548,979.4,-17.06,-1.71,26172430000,0.42,1,2,ST通葡,1.17,3,0.333,0.28931451612903225,0.4798387096774194,0.3845766129032258
313,包装印刷,BK1265,3646.99,-46.4,-1.26,267159700000,2.15,13,34,新巨丰,11.38,47,0.277,0.3699596774193548,0.39919354838709675,0.38457661290322576
329,涂料油墨,BK1430,3959.63,-56.67,-1.41,93145834000,3.83,5,12,百合花,8.62,17,0.294,0.3387096774193548,0.4264112903225806,0.38256048387096775
385,无机盐,BK1422,3369.21,-68.59,-2.0,167811271000,2.07,4,7,振华股份,10.0,11,0.364,0.22580645161290322,0.5332661290322581,0.3795362903225807
260,农用机械,BK1404,1602.26,-13.6,-0.84,45375375000,1.98,2,8,一拖股份,1.42,10,0.2,0.4788306451612903,0.2721774193548387,0.3755040322580645
294,火力发电,BK1377,2414.65,-28.86,-1.18,1064531616000,1.48,7,24,豫能控股,5.39,31,0.226,0.41330645161290325,0.3336693548387097,0.3734879032258065
319,文娱用品,BK1266,3084.41,-41.1,-1.31,107822915000,2.49,6,17,齐心集团,3.71,23,0.261,0.36088709677419356,0.3800403225806452,0.3704637096774194
308,钟表珠宝,BK1357,1910.92,-23.83,-1.23,101474929000,1.7,3,10,老凤祥,1.52,13,0.231,0.38306451612903225,0.34375,0.3634072580645161
331,汽车,BK1211,4054.22,-58.34,-1.42,4622005504000,1.95,83,234,晋拓股份,9.99,317,0.262,0.33568548387096775,0.38306451612903225,0.359375
481,其他数字媒体,BK1295,1081.93,-50.09,-4.42,11881538000,21.11,1,1,风语筑,3.44,2,0.5,0.03225806451612903,0.6814516129032258,0.3568548387096774
325,定制家居,BK1539,6871.42,-95.04,-1.36,74659862000,1.54,4,12,顶固集创,1.34,16,0.25,0.3477822580645161,0.3649193548387097,0.3563508064516129
338,其他纺织,BK1350,1991.98,-30.23,-1.49,66092853000,2.02,4,11,云中马,4.74,15,0.267,0.3215725806451613,0.3870967741935484,0.35433467741935487
288,电力,BK0428,18813.38,-221.3,-1.16,3992088448000,1.17,21,83,韶能股份,6.67,104,0.202,0.4223790322580645,0.2862903225806452,0.35433467741935487
330,院线,BK1300,581.68,-8.35,-1.42,37663719000,3.78,1,3,金逸影视,0.14,4,0.25,0.33568548387096775,0.3649193548387097,0.35030241935483875
301,房地产服务,BK1045,1014.0,-12.4,-1.21,54041589000,1.68,3,11,中交发展,2.53,14,0.214,0.3911290322580645,0.3074596774193548,0.34929435483870963
356,电子化学品Ⅱ,BK1039,4348.98,-76.85,-1.74,949268000000,7.92,10,26,格林达,10.0,36,0.278,0.2852822580645161,0.40725806451612906,0.3462701612903226
355,电子化学品Ⅲ,BK1332,4348.98,-76.85,-1.74,949268000000,7.92,10,26,格林达,10.0,36,0.278,0.2852822580645161,0.40725806451612906,0.3462701612903226
265,油气及炼化工程,BK1572,1556.16,-14.3,-0.91,62430099000,0.99,1,5,海油工程,0.19,6,0.167,0.46774193548387094,0.2157258064516129,0.34173387096774194
346,底盘与发动机系统,BK1526,4321.25,-70.66,-1.61,1182673584000,3.05,29,82,长源东谷,6.45,111,0.261,0.3024193548387097,0.3800403225806452,0.34122983870967744
339,计算机设备,BK0735,1588.77,-24.29,-1.51,1566878432000,2.35,22,69,中国长城,9.99,91,0.242,0.3175403225806452,0.3528225806451613,0.33518145161290325
317,轨交设备Ⅲ,BK1394,1734.26,-23.01,-1.31,425186384000,0.86,6,22,*ST天宜,2.03,28,0.214,0.36088709677419356,0.3074596774193548,0.3341733870967742
318,轨交设备Ⅱ,BK1236,1734.26,-23.01,-1.31,425186384000,0.86,6,22,*ST天宜,2.03,28,0.214,0.36088709677419356,0.3074596774193548,0.3341733870967742
340,光伏发电,BK1375,3201.78,-49.04,-1.51,127939509000,2.18,3,10,东方新能,0.9,13,0.231,0.3175403225806452,0.34375,0.3306451612903226
379,非金属材料Ⅲ,BK1411,2270.9,-45.44,-1.96,158919388000,3.73,4,10,金戈新材,3.62,14,0.286,0.23790322580645162,0.4183467741935484,0.328125
380,非金属材料Ⅱ,BK1020,2270.9,-45.44,-1.96,158919388000,3.73,4,10,金戈新材,3.62,14,0.286,0.23790322580645162,0.4183467741935484,0.328125
332,其他化学原料,BK1420,3144.65,-45.59,-1.43,172544215000,1.73,4,14,卫星化学,2.33,18,0.222,0.3326612903225806,0.3215725806451613,0.327116935483871
333,化学纤维,BK0471,17295.96,-252.07,-1.44,289479040000,2.73,6,21,*ST三房,6.67,27,0.222,0.32963709677419356,0.3215725806451613,0.32560483870967744
390,专业工程,BK1248,3745.91,-78.61,-2.06,441573584000,1.53,12,28,鸿路钢构,2.35,40,0.3,0.2157258064516129,0.43548387096774194,0.32560483870967744
368,电子,BK1201,15364.78,-291.43,-1.86,24585029120000,5.3,136,371,中电港,10.0,507,0.268,0.2610887096774194,0.38911290322580644,0.3251008064516129
349,铜,BK1615,3599.53,-60.61,-1.66,1740785840000,2.32,4,13,紫金矿业,1.8,17,0.235,0.29838709677419356,0.35080645161290325,0.3245967741935484
336,互联网电商,BK1268,2728.72,-40.91,-1.48,114426807000,1.33,4,14,南极电商,3.62,18,0.222,0.3245967741935484,0.3215725806451613,0.32308467741935487
348,民爆制品,BK1427,4131.94,-67.64,-1.61,122224156000,1.53,3,10,雅化集团,2.47,13,0.231,0.3024193548387097,0.34375,0.32308467741935487
259,公交,BK1484,1380.11,-11.67,-0.84,26100438000,0.97,1,6,申通地铁,2.03,7,0.143,0.4788306451612903,0.1663306451612903,0.3225806451612903
353,汽车零部件,BK0481,45936.17,-798.26,-1.71,2771859408000,2.52,63,207,晋拓股份,9.99,270,0.233,0.28931451612903225,0.3487903225806452,0.31905241935483875
376,建筑材料,BK1208,3779.2,-75.32,-1.95,1373318416000,2.24,20,54,青龙管业,6.33,74,0.27,0.24495967741935484,0.3911290322580645,0.3180443548387097
341,物业管理,BK1343,1669.13,-26.03,-1.54,30676397000,1.87,2,7,招商积余,1.77,9,0.222,0.31451612903225806,0.3215725806451613,0.3180443548387097
316,印刷,BK1534,3695.82,-49.0,-1.31,18597765000,3.02,1,4,强邦新材,1.47,5,0.2,0.36088709677419356,0.2721774193548387,0.3165322580645161
321,饰品,BK0734,389.04,-5.3,-1.34,106725427000,1.67,3,12,老凤祥,1.52,15,0.2,0.3548387096774194,0.2721774193548387,0.313508064516129
407,黄金,BK1617,5500.4,-133.34,-2.37,455654368000,4.78,3,7,山金国际,2.47,10,0.3,0.1814516129032258,0.43548387096774194,0.3084677419354839
328,综合环境治理,BK1391,1745.57,-24.65,-1.39,69636661000,2.86,3,12,*ST启环,8.2,15,0.2,0.34274193548387094,0.2721774193548387,0.3074596774193548
412,纺织服装设备,BK1401,3821.43,-94.63,-2.42,88811938000,3.17,4,9,宏华数科,1.79,13,0.308,0.17137096774193547,0.4425403225806452,0.3069556451612903
343,装修装饰Ⅲ,BK1478,875.62,-14.21,-1.6,109263029000,2.16,4,15,恒尚节能,9.99,19,0.211,0.3094758064516129,0.29838709677419356,0.30393145161290325
344,装修装饰Ⅱ,BK0725,875.62,-14.21,-1.6,109263029000,2.16,4,15,恒尚节能,9.99,19,0.211,0.3094758064516129,0.29838709677419356,0.30393145161290325
281,专业连锁Ⅲ,BK1555,1231.84,-13.42,-1.08,42575357000,1.36,1,6,吉峰科技,2.07,7,0.143,0.4334677419354839,0.1663306451612903,0.2998991935483871
282,专业连锁Ⅱ,BK1270,1231.84,-13.42,-1.08,42575357000,1.36,1,6,吉峰科技,2.07,7,0.143,0.4334677419354839,0.1663306451612903,0.2998991935483871
359,娱乐用品,BK1543,2432.66,-43.58,-1.76,70149010000,2.81,4,14,通达创智,1.57,18,0.222,0.2782258064516129,0.3215725806451613,0.2998991935483871
441,其他小金属,BK1624,5722.9,-167.43,-2.84,472104752000,6.02,5,10,云南锗业,0.6,15,0.333,0.11290322580645161,0.4798387096774194,0.2963709677419355
320,横向通用软件,BK1448,5792.79,-77.19,-1.31,496761696000,1.51,6,29,大恒科技,10.04,35,0.171,0.36088709677419356,0.23084677419354838,0.295866935483871
391,通用设备,BK0545,53782.1,-1146.14,-2.09,2638743760000,4.48,63,189,先锋电子,9.98,252,0.25,0.2127016129032258,0.3649193548387097,0.28881048387096775
363,贸易Ⅲ,BK1550,9466.97,-176.48,-1.83,141801560000,1.27,3,11,苏美达,1.36,14,0.214,0.2691532258064516,0.3074596774193548,0.28830645161290325
364,贸易Ⅱ,BK0484,9466.97,-176.48,-1.83,141801560000,1.27,3,11,苏美达,1.36,14,0.214,0.2691532258064516,0.3074596774193548,0.28830645161290325
232,会展服务,BK1565,1065.52,-6.74,-0.63,14601748000,1.34,0,3,兰生股份,-0.42,3,0.0,0.5332661290322581,0.037298387096774195,0.2852822580645162
323,仓储物流,BK1486,4138.09,-56.66,-1.35,35083410000,1.25,1,5,中储股份,0.92,6,0.167,0.35181451612903225,0.2157258064516129,0.28377016129032256
433,其他专业工程,BK1477,3784.02,-105.79,-2.72,263443796000,1.66,6,14,*ST中岩,2.29,20,0.3,0.12903225806451613,0.43548387096774194,0.282258064516129
238,房产租赁经纪,BK1341,1246.93,-8.24,-0.66,16977176000,1.46,0,3,世联行,-0.48,3,0.0,0.5221774193548387,0.037298387096774195,0.2797379032258065
240,学历教育,BK1558,1709.53,-11.5,-0.67,8801132000,1.35,0,2,凯文教育,-0.25,2,0.0,0.5191532258064516,0.037298387096774195,0.27822580645161293
416,有色金属,BK0478,28999.04,-748.01,-2.51,5621545728000,3.41,39,105,隆达股份,7.2,144,0.271,0.16330645161290322,0.39314516129032256,0.2782258064516129
406,食用菌,BK1517,1389.92,-33.57,-2.36,13402206000,4.42,1,3,雪榕生物,1.07,4,0.25,0.18346774193548387,0.3649193548387097,0.27419354838709675
335,综合包装,BK1536,1311.86,-19.27,-1.45,17401983000,2.46,1,5,京华激光,1.83,6,0.167,0.32661290322580644,0.2157258064516129,0.2711693548387097
307,门户网站,BK1294,2713.29,-33.7,-1.23,103858353000,3.7,1,7,昆仑万维,1.2,8,0.125,0.38306451612903225,0.1502016129032258,0.266633064516129
386,数字媒体,BK1221,6022.24,-123.22,-2.01,181743517000,4.93,3,11,风语筑,3.44,14,0.214,0.22379032258064516,0.3074596774193548,0.265625
384,其他专用设备,BK1405,5858.3,-118.42,-1.98,1010485488000,3.79,19,72,华依科技,12.37,91,0.209,0.22983870967741934,0.29435483870967744,0.2620967741935484
417,国际工程,BK1475,2448.64,-63.8,-2.54,49498211000,1.4,1,3,中材国际,0.68,4,0.25,0.1592741935483871,0.3649193548387097,0.2620967741935484
256,期货,BK1361,496.88,-4.0,-0.8,49719766000,0.74,0,4,永安期货,-0.16,4,0.0,0.48689516129032256,0.037298387096774195,0.2620967741935484
358,锂电池,BK1303,19967.33,-357.13,-1.76,2518442752000,3.45,6,26,蔚蓝锂芯,9.98,32,0.188,0.2782258064516129,0.24294354838709678,0.2605846774193548
408,消费电子零部件及组装,BK1338,14491.8,-353.69,-2.38,3487766848000,2.87,20,67,易德龙,6.82,87,0.23,0.17943548387096775,0.3387096774193548,0.25907258064516125
375,公路货运,BK1487,4075.42,-81.22,-1.95,24219502000,0.89,1,4,传化智联,0.21,5,0.2,0.24495967741935484,0.2721774193548387,0.25856854838709675
405,消费电子,BK1037,2199.5,-52.21,-2.32,3756388656000,2.81,22,76,易德龙,6.82,98,0.224,0.18548387096774194,0.33064516129032256,0.25806451612903225
370,其他汽车零部件,BK1528,4933.49,-94.77,-1.88,360519952000,2.68,11,45,晋拓股份,9.99,56,0.196,0.2560483870967742,0.25806451612903225,0.25705645161290325
366,车身附件及饰件,BK1525,5175.31,-97.41,-1.85,502738432000,1.81,8,34,星源卓镁,9.83,42,0.19,0.26411290322580644,0.24798387096774194,0.2560483870967742
392,机械设备,BK1205,4965.81,-105.91,-2.09,7331249152000,2.76,129,482,先锋电子,9.98,611,0.211,0.2127016129032258,0.29838709677419356,0.2555443548387097
362,品牌消费电子,BK1337,2604.5,-48.12,-1.81,268621808000,1.67,2,9,视源股份,2.5,11,0.182,0.2721774193548387,0.23790322580645162,0.25504032258064513
337,纸包装,BK1535,1896.95,-28.75,-1.49,125767537000,2.13,3,17,新巨丰,11.38,20,0.15,0.3215725806451613,0.18346774193548387,0.2525201612903226
418,塑料,BK0454,23179.64,-604.57,-2.54,785398032000,4.13,18,60,*ST泉为,17.64,78,0.231,0.1592741935483871,0.34375,0.25151209677419356
387,黑色家电,BK1241,4175.57,-86.04,-2.02,161891980000,2.44,2,8,兆驰股份,6.02,10,0.2,0.2217741935483871,0.2721774193548387,0.24697580645161288
352,电视广播Ⅱ,BK1219,1107.28,-18.91,-1.68,116184819000,1.02,2,11,华数传媒,1.23,13,0.154,0.29435483870967744,0.18951612903225806,0.24193548387096775
360,软件开发,BK0737,1017.49,-18.24,-1.76,1553481104000,1.99,22,112,概伦电子,20.01,134,0.164,0.2782258064516129,0.2056451612903226,0.24193548387096775
351,电视广播Ⅲ,BK1291,1107.28,-18.91,-1.68,116184819000,1.02,2,11,华数传媒,1.23,13,0.154,0.29435483870967744,0.18951612903225806,0.24193548387096775
276,钢铁管材,BK1368,580.63,-5.98,-1.02,25125283000,0.84,0,2,新兴铸管,0.0,2,0.0,0.4465725806451613,0.037298387096774195,0.24193548387096775
345,专业服务,BK1043,1459.17,-23.72,-1.6,231091268000,1.64,5,29,华测检测,1.71,34,0.147,0.3094758064516129,0.17338709677419356,0.24143145161290322
440,其他专业服务,BK1567,1058.06,-30.87,-2.83,14541147000,1.08,1,3,中金辐照,0.38,4,0.25,0.11693548387096774,0.3649193548387097,0.24092741935483872
365,计算机,BK1207,7677.25,-143.9,-1.84,4483033344000,2.39,60,300,概伦电子,20.01,360,0.167,0.2661290322580645,0.2157258064516129,0.2409274193548387
425,电池化学品,BK1302,12837.15,-342.57,-2.6,1002492736000,3.35,10,34,壹石通,9.13,44,0.227,0.14516129032258066,0.33669354838709675,0.2409274193548387
404,电池,BK1033,1525.18,-36.03,-2.31,3804410880000,3.32,22,84,蔚蓝锂芯,9.98,106,0.208,0.1875,0.2923387096774194,0.2399193548387097
371,炭黑,BK1442,1822.57,-35.26,-1.9,27785424000,3.22,1,5,确成股份,2.0,6,0.167,0.2540322580645161,0.2157258064516129,0.2348790322580645
284,旅游综合,BK1561,1531.17,-17.33,-1.12,33868262000,1.33,0,5,三峡旅游,0.0,5,0.0,0.42943548387096775,0.037298387096774195,0.23336693548387097
389,楼宇设备,BK1402,2381.23,-49.41,-2.03,84441397000,1.73,3,13,快意电梯,10.01,16,0.188,0.21875,0.24294354838709678,0.23084677419354838
289,汽车综合服务,BK1524,1067.71,-12.67,-1.17,22321846000,1.66,0,4,交运股份,-0.15,4,0.0,0.41935483870967744,0.037298387096774195,0.2283266129032258
415,军工电子Ⅱ,BK1233,7364.79,-188.96,-2.5,1194517648000,3.76,13,50,航天电器,10.0,63,0.206,0.1663306451612903,0.28931451612903225,0.22782258064516128
414,军工电子Ⅲ,BK1386,7364.79,-188.96,-2.5,1194517648000,3.76,13,50,航天电器,10.0,63,0.206,0.1663306451612903,0.28931451612903225,0.22782258064516128
372,垂直应用软件,BK1447,7990.81,-156.24,-1.92,1056719408000,2.22,16,83,概伦电子,20.01,99,0.162,0.25100806451612906,0.20362903225806453,0.2273185483870968
388,专用设备,BK0910,3499.04,-72.4,-2.03,1882791888000,2.28,35,167,快意电梯,10.01,202,0.173,0.21875,0.23588709677419356,0.22731854838709678
400,通信设备,BK0448,24313.66,-557.28,-2.24,4862621184000,4.46,17,72,星网锐捷,10.0,89,0.191,0.19556451612903225,0.25201612903225806,0.22379032258064516
397,安防设备,BK1445,5226.1,-117.86,-2.21,504729152000,1.46,5,22,微创光电,10.17,27,0.185,0.20161290322580644,0.2399193548387097,0.22076612903225806
298,医美服务,BK1499,625.46,-7.53,-1.19,5934475000,0.51,0,1,*ST美谷,-1.19,1,0.0,0.4032258064516129,0.037298387096774195,0.22026209677419353
297,光伏主材,BK1318,10307.94,-123.96,-1.19,146430511000,1.1,0,2,通威股份,-1.1,2,0.0,0.4032258064516129,0.037298387096774195,0.22026209677419353
295,诊断服务,BK1602,5100.0,-61.17,-1.19,44710831000,3.38,0,4,贝瑞基因,0.0,4,0.0,0.4032258064516129,0.037298387096774195,0.22026209677419353
411,通信,BK1215,7812.45,-192.39,-2.4,7783649536000,1.72,25,104,星网锐捷,10.0,129,0.194,0.17338709677419356,0.2550403225806452,0.21421370967741937
421,蓄电池及其他电池,BK1306,2428.68,-63.59,-2.55,83887246000,2.96,2,8,浙江恒威,1.24,10,0.2,0.15221774193548387,0.2721774193548387,0.21219758064516128
373,其他通信设备,BK1590,5345.86,-104.64,-1.92,87710183000,2.46,2,12,朗威股份,5.22,14,0.143,0.25100806451612906,0.1663306451612903,0.2086693548387097
309,汽车综合服务,BK1524,1067.0,-13.38,-1.24,22303658000,1.66,0,4,交运股份,-0.15,4,0.0,0.3790322580645161,0.037298387096774195,0.20816532258064516
399,铅锌,BK1614,2656.25,-60.6,-2.23,250707067000,5.48,2,10,国城矿业,1.45,12,0.167,0.19858870967741934,0.2157258064516129,0.20715725806451613
311,体育Ⅲ,BK1564,819.42,-10.41,-1.25,8455020000,4.34,0,2,力盛体育,-0.45,2,0.0,0.375,0.037298387096774195,0.2061491935483871
312,体育Ⅱ,BK1273,819.42,-10.41,-1.25,8455020000,4.34,0,2,力盛体育,-0.45,2,0.0,0.375,0.037298387096774195,0.2061491935483871
315,锦纶,BK1414,574.8,-7.41,-1.27,22710232000,1.57,0,5,恒申新材,-0.51,5,0.0,0.36693548387096775,0.037298387096774195,0.20211693548387097
410,电力设备,BK1200,6443.49,-157.66,-2.39,8550490368000,2.71,69,336,华通线缆,10.0,405,0.17,0.17641129032258066,0.22782258064516128,0.20211693548387097
374,电商服务,BK1546,2238.14,-44.01,-1.93,40267297000,2.7,1,7,南极电商,3.62,8,0.125,0.24798387096774194,0.1502016129032258,0.19909274193548387
436,通信服务,BK0736,1060.25,-30.24,-2.77,2921091072000,0.72,8,32,*ST元道,9.81,40,0.2,0.12298387096774194,0.2721774193548387,0.1975806451612903
419,电网自动化设备,BK1309,6875.1,-179.38,-2.54,503943584000,2.03,5,24,四方股份,3.64,29,0.172,0.1592741935483871,0.23387096774193547,0.19657258064516128
402,电网设备,BK0457,36632.31,-854.24,-2.28,1754379776000,2.56,22,120,华通线缆,10.0,142,0.155,0.19153225806451613,0.1935483870967742,0.19254032258064516
361,检测服务,BK1566,8265.24,-148.82,-1.77,181688092000,2.1,2,22,华测检测,1.71,24,0.083,0.27419354838709675,0.10987903225806452,0.19203629032258063
423,通信网络设备及器件,BK1591,15264.53,-400.16,-2.55,3409563728000,3.69,6,29,星网锐捷,10.0,35,0.171,0.15221774193548387,0.23084677419354838,0.19153225806451613
424,国防军工,BK1204,6044.32,-159.71,-2.57,3350329392000,2.76,24,118,航天电器,10.0,142,0.169,0.14717741935483872,0.22580645161290322,0.18649193548387097
439,其他自动化设备,BK1410,7812.82,-227.68,-2.83,348309696000,3.26,6,25,劲拓股份,5.51,31,0.194,0.11693548387096774,0.2550403225806452,0.18598790322580647
438,机器人,BK1408,11549.0,-335.84,-2.83,310201904000,8.43,4,17,派斯林,10.08,21,0.19,0.11693548387096774,0.24798387096774194,0.18245967741935484
409,汽车电子电气系统,BK1529,3862.4,-94.39,-2.39,484580176000,2.3,6,34,富特科技,5.77,40,0.15,0.17641129032258066,0.18346774193548387,0.17993951612903225
381,能源及重型设备,BK1403,2161.45,-43.28,-1.96,600376640000,1.52,6,54,洪田股份,9.47,60,0.1,0.23790322580645162,0.11995967741935484,0.17893145161290325
430,果蔬加工,BK1503,2801.48,-77.86,-2.7,40676826000,1.75,1,5,XD冠农股,1.13,6,0.167,0.13709677419354838,0.2157258064516129,0.17641129032258063
393,IT服务Ⅲ,BK1444,7756.61,-169.71,-2.14,1362673776000,2.75,16,119,当虹科技,20.0,135,0.119,0.2086693548387097,0.14213709677419356,0.17540322580645162
394,IT服务Ⅱ,BK1238,7756.61,-169.71,-2.14,1362673776000,2.75,16,119,当虹科技,20.0,135,0.119,0.2086693548387097,0.14213709677419356,0.17540322580645162
378,电工仪器仪表,BK1308,2480.63,-49.6,-1.96,87188598000,1.75,1,13,华盛昌,4.14,14,0.071,0.23790322580645162,0.09879032258064516,0.16834677419354838
426,风电零部件,BK1313,2060.97,-55.2,-2.61,257311862000,2.77,4,22,中环海陆,5.46,26,0.154,0.1431451612903226,0.18951612903225806,0.1663306451612903
456,金属制品,BK1396,5968.51,-198.51,-3.22,897544688000,4.34,15,64,春晖智控,8.73,79,0.19,0.08266129032258064,0.24798387096774194,0.16532258064516128
434,锂电专用设备,BK1304,24547.98,-693.34,-2.75,194789611000,3.01,3,16,德新科技,7.75,19,0.158,0.12701612903225806,0.1975806451612903,0.1622983870967742
383,其他橡胶制品,BK1441,4255.1,-85.98,-1.98,58410891000,3.06,1,14,三维股份,1.51,15,0.067,0.22983870967741934,0.09274193548387097,0.16129032258064516
403,耐火材料,BK1467,2040.5,-48.05,-2.3,34882327000,2.52,1,8,瑞泰科技,1.14,9,0.111,0.18951612903225806,0.1310483870967742,0.16028225806451613
413,清洁小家电,BK1459,2003.39,-50.77,-2.47,98024638000,1.06,1,7,开能健康,0.36,8,0.125,0.1693548387096774,0.1502016129032258,0.15977822580645162
422,配电设备,BK1310,3508.66,-91.88,-2.55,216193082000,2.45,4,24,白云电器,10.03,28,0.143,0.15221774193548387,0.1663306451612903,0.1592741935483871
431,通信工程及服务,BK1588,2703.99,-75.29,-2.71,96037384000,3.48,3,17,*ST元道,9.81,20,0.15,0.13205645161290322,0.18346774193548387,0.15776209677419356
476,胶黏剂及胶带,BK1425,3291.07,-136.6,-3.99,24544961000,6.22,1,4,鹿山新材,0.37,5,0.2,0.04233870967741935,0.2721774193548387,0.15725806451612903
477,小金属,BK1027,4346.06,-195.99,-4.32,1247497504000,4.89,5,20,云南锗业,0.6,25,0.2,0.03931451612903226,0.2721774193548387,0.15574596774193547
401,橡胶,BK1018,1500.63,-34.64,-2.26,143615561000,3.48,2,21,确成股份,2.0,23,0.087,0.1935483870967742,0.11290322580645161,0.1532258064516129
437,自动化设备,BK1237,12401.56,-357.03,-2.8,1596478608000,4.88,14,80,派斯林,10.08,94,0.149,0.12096774193548387,0.17943548387096775,0.1502016129032258
369,火电设备,BK1321,1505.25,-28.68,-1.87,28185508000,2.5,0,4,海陆重工,-0.21,4,0.0,0.25806451612903225,0.037298387096774195,0.14768145161290322
451,仪器仪表,BK0458,22144.72,-714.05,-3.12,714245920000,2.62,10,53,先锋电子,9.98,63,0.159,0.09274193548387097,0.20161290322580644,0.1471774193548387
432,风电设备,BK1032,1362.57,-37.95,-2.71,426395376000,2.73,4,27,中环海陆,5.46,31,0.129,0.13205645161290322,0.15625,0.14415322580645162
452,机床工具,BK1395,2050.16,-66.46,-3.14,150835159000,4.82,3,16,ST汇洲,0.39,19,0.158,0.08971774193548387,0.1975806451612903,0.1436491935483871
465,地面兵装Ⅱ,BK1229,3507.68,-126.25,-3.47,138697937000,2.9,2,10,中兵红箭,2.35,12,0.167,0.0655241935483871,0.2157258064516129,0.140625
464,地面兵装Ⅲ,BK1382,3507.68,-126.25,-3.47,138697937000,2.9,2,10,中兵红箭,2.35,12,0.167,0.0655241935483871,0.2157258064516129,0.140625
377,电动乘用车,BK1519,4507.57,-89.94,-1.96,936317456000,1.25,0,3,比亚迪,-0.66,3,0.0,0.23790322580645162,0.037298387096774195,0.1376008064516129
382,其他能源发电,BK1378,1417.95,-28.62,-1.98,10659803000,0.66,0,2,长青集团,-1.29,2,0.0,0.22983870967741934,0.037298387096774195,0.13356854838709678
435,光伏辅材,BK1316,2520.29,-71.52,-2.76,174819886000,1.85,2,15,聚和材料,0.76,17,0.118,0.125,0.1381048387096774,0.1315524193548387
427,工控设备,BK1407,6311.74,-171.16,-2.64,527558096000,3.55,3,29,创世纪,4.69,32,0.094,0.14112903225806453,0.11491935483870967,0.1280241935483871
460,电机Ⅲ,BK1307,2611.6,-91.4,-3.38,279992496000,5.18,4,23,神力股份,10.03,27,0.148,0.07358870967741936,0.17641129032258066,0.125
461,电机Ⅱ,BK1030,2611.6,-91.4,-3.38,279992496000,5.18,4,23,神力股份,10.03,27,0.148,0.07358870967741936,0.17641129032258066,0.125
448,线缆部件及其他,BK1312,3600.51,-114.08,-3.07,379405152000,3.47,5,35,华通线缆,10.0,40,0.125,0.09879032258064516,0.1502016129032258,0.12449596774193548
395,其他饰品,BK1356,584.98,-13.0,-2.17,5250498000,1.5,0,2,ST新华锦,-1.67,2,0.0,0.2056451612903226,0.037298387096774195,0.12147177419354839
475,被动元件,BK1339,16048.12,-657.57,-3.94,674163360000,6.09,3,16,江海股份,0.65,19,0.158,0.04435483870967742,0.1975806451612903,0.12096774193548387
420,热力服务,BK1379,3021.45,-78.98,-2.55,131901547000,2.64,1,17,富春环保,0.45,18,0.056,0.15221774193548387,0.08366935483870967,0.11794354838709678
398,运动服装,BK1355,3144.25,-71.61,-2.23,26160626000,2.91,0,4,三夫户外,-1.07,4,0.0,0.19858870967741934,0.037298387096774195,0.11794354838709677
428,照明设备Ⅲ,BK1460,2857.3,-79.19,-2.7,92196630000,1.8,1,13,得邦照明,5.65,14,0.071,0.13709677419354838,0.09879032258064516,0.11794354838709677
429,照明设备Ⅱ,BK1245,2857.3,-79.19,-2.7,92196630000,1.8,1,13,得邦照明,5.65,14,0.071,0.13709677419354838,0.09879032258064516,0.11794354838709677
459,半导体材料,BK1325,17034.44,-580.59,-3.3,1398687472000,7.83,4,27,创达新材,3.65,31,0.129,0.07661290322580645,0.15625,0.11643145161290322
462,改性塑料,BK1437,7601.32,-266.56,-3.39,182260130000,4.08,3,19,*ST泉为,17.64,22,0.136,0.07056451612903226,0.1592741935483871,0.11491935483870969
445,LED,BK1333,8134.46,-246.4,-2.94,304850480000,5.14,3,26,爱克股份,5.26,29,0.103,0.10483870967741936,0.12298387096774194,0.11391129032258066
468,面板,BK1335,3729.83,-140.28,-3.62,1118745984000,6.84,6,36,天山电子,10.85,42,0.143,0.05846774193548387,0.1663306451612903,0.1123991935483871
454,光伏设备,BK1031,1259.21,-41.24,-3.17,1528523536000,2.32,7,60,双良节能,2.57,67,0.104,0.08669354838709678,0.125,0.10584677419354839
453,激光设备,BK1409,21226.62,-688.97,-3.14,410408912000,4.93,1,9,大族激光,1.58,10,0.1,0.08971774193548387,0.11995967741935484,0.10483870967741936
446,工程机械器件,BK1392,17388.29,-542.45,-3.03,230664790000,2.61,1,12,唯万密封,7.03,13,0.077,0.1028225806451613,0.10483870967741936,0.10383064516129033
463,光学光电子,BK1038,2351.12,-83.81,-3.44,1880482048000,6.37,11,86,天山电子,10.85,97,0.113,0.06854838709677419,0.1350806451612903,0.10181451612903225
444,广告营销,BK1220,4276.62,-126.4,-2.87,274442048000,3.87,2,28,分众传媒,3.06,30,0.067,0.10685483870967742,0.09274193548387097,0.09979838709677419
467,通信应用增值服务,BK1589,4761.45,-177.59,-3.6,272456672000,3.0,2,15,北纬科技,4.73,17,0.118,0.06048387096774194,0.1381048387096774,0.09929435483870967
443,航空装备Ⅱ,BK1231,4404.78,-129.03,-2.85,1009153136000,1.77,3,45,立航科技,2.69,48,0.062,0.10987903225806452,0.08770161290322581,0.09879032258064516
442,航空装备Ⅲ,BK1384,4404.78,-129.03,-2.85,1009153136000,1.77,3,45,立航科技,2.69,48,0.062,0.10987903225806452,0.08770161290322581,0.09879032258064516
474,元件,BK0459,64808.83,-2582.23,-3.83,3583572960000,5.65,8,58,贤丰控股,9.92,66,0.121,0.046370967741935484,0.14516129032258066,0.09576612903225806
458,印刷包装机械,BK1406,2259.2,-76.08,-3.26,53282732000,3.23,1,11,鸿铭股份,0.07,12,0.083,0.07862903225806452,0.10987903225806452,0.09425403225806452
466,膜材料,BK1439,4179.33,-151.96,-3.51,276645568000,4.47,2,19,龙辰科技,11.99,21,0.095,0.0625,0.11693548387096774,0.08971774193548387
472,印制电路板,BK1340,13102.65,-516.07,-3.79,2909409600000,5.51,5,42,贤丰控股,9.92,47,0.106,0.05040322580645161,0.12701612903225806,0.08870967741935484
450,环保设备Ⅱ,BK1234,3720.63,-118.99,-3.1,168217626000,2.64,1,25,恒誉环保,3.37,26,0.038,0.09576612903225806,0.07762096774193548,0.08669354838709678
449,环保设备Ⅲ,BK1387,3720.63,-118.99,-3.1,168217626000,2.64,1,25,恒誉环保,3.37,26,0.038,0.09576612903225806,0.07762096774193548,0.08669354838709678
455,营销代理,BK1293,4080.69,-134.37,-3.19,194657196000,5.74,1,26,福石控股,1.26,27,0.037,0.0846774193548387,0.07459677419354839,0.07963709677419355
471,光学元件,BK1334,18581.5,-718.96,-3.73,456885584000,4.52,2,24,奥来德,3.95,26,0.077,0.05241935483870968,0.10483870967741936,0.07862903225806452
489,航天装备Ⅱ,BK1232,5605.26,-288.85,-4.9,466500144000,3.36,1,8,中天火箭,1.81,9,0.111,0.017137096774193547,0.1310483870967742,0.07409274193548387
488,航天装备Ⅲ,BK1385,5605.26,-288.85,-4.9,466500144000,3.36,1,8,中天火箭,1.81,9,0.111,0.017137096774193547,0.1310483870967742,0.07409274193548387
480,通信线缆及配套,BK1592,27825.22,-1269.34,-4.36,945228992000,7.85,1,12,特发信息,3.78,13,0.077,0.034274193548387094,0.10483870967741936,0.06955645161290322
447,文字媒体,BK1298,2292.88,-72.43,-3.06,24726498000,3.28,0,2,中文在线,-2.23,2,0.0,0.10080645161290322,0.037298387096774195,0.0690524193548387
457,风电整机,BK1314,1550.09,-51.89,-3.24,169083508000,2.69,0,5,运达股份,-1.97,5,0.0,0.08064516129032258,0.037298387096774195,0.05897177419354839
487,磁性材料,BK1618,6367.39,-327.58,-4.89,224060912000,5.38,1,14,铂科新材,0.8,15,0.067,0.021169354838709676,0.09274193548387097,0.05695564516129032
484,金属新材料,BK1288,6740.17,-334.04,-4.72,503375136000,4.84,2,34,隆达股份,7.2,36,0.056,0.02620967741935484,0.08366935483870967,0.05493951612903226
483,其他金属新材料,BK1619,4356.66,-210.06,-4.6,279314224000,4.38,1,20,隆达股份,7.2,21,0.048,0.028225806451612902,0.08064516129032258,0.05443548387096774
469,林业Ⅲ,BK1502,4170.65,-160.05,-3.7,19160906000,7.42,0,4,福建金森,-0.12,4,0.0,0.055443548387096774,0.037298387096774195,0.046370967741935484
470,林业Ⅱ,BK1255,4170.65,-160.05,-3.7,19160906000,7.42,0,4,福建金森,-0.12,4,0.0,0.055443548387096774,0.037298387096774195,0.046370967741935484
473,其他黑色家电,BK1454,2717.54,-107.6,-3.81,44226267000,2.45,0,6,极米科技,-1.87,6,0.0,0.04838709677419355,0.037298387096774195,0.042842741935483875
478,玻璃制造,BK1461,1940.53,-87.64,-4.32,60199210000,3.53,0,9,耀皮Ｂ股,-0.3,9,0.0,0.03931451612903226,0.037298387096774195,0.038306451612903226
479,光伏电池组件,BK1315,2400.59,-109.13,-4.35,347776496000,2.27,0,23,海泰新能,-1.23,23,0.0,0.036290322580645164,0.037298387096774195,0.03679435483870968
482,其他化学纤维,BK1415,3529.93,-167.72,-4.54,112704926000,5.18,0,8,蒙泰高新,-1.98,8,0.0,0.03024193548387097,0.037298387096774195,0.03377016129032258
485,图片媒体,BK1297,3129.1,-155.36,-4.73,12981699000,4.43,0,1,视觉中国,-4.73,1,0.0,0.024193548387096774,0.037298387096774195,0.030745967741935484
486,光伏加工设备,BK1317,7615.66,-391.76,-4.89,266513836000,3.3,0,11,欧普泰,-2.38,11,0.0,0.021169354838709676,0.037298387096774195,0.029233870967741937
490,钼,BK1623,1587.89,-85.66,-5.12,124999157000,2.87,0,2,盛龙股份,-4.96,2,0.0,0.014112903225806451,0.037298387096774195,0.025705645161290324
491,氟化工,BK1424,16690.24,-941.81,-5.34,400329936000,7.38,0,10,巍华新材,-0.38,10,0.0,0.012096774193548387,0.037298387096774195,0.02469758064516129
492,橡胶助剂,BK1443,5611.16,-318.44,-5.37,57431898000,5.86,0,2,阳谷华泰,-4.95,2,0.0,0.010080645161290322,0.037298387096774195,0.023689516129032258
493,稀土,BK1626,10501.85,-638.5,-5.73,303833744000,3.57,0,4,北方稀土,-2.86,4,0.0,0.008064516129032258,0.037298387096774195,0.022681451612903226
494,玻璃玻纤,BK0546,74979.59,-4876.77,-6.11,850370976000,4.97,0,17,耀皮Ｂ股,-0.3,17,0.0,0.006048387096774193,0.037298387096774195,0.021673387096774195
495,钨,BK1625,10506.43,-915.86,-8.02,346559856000,6.39,0,4,厦门钨业,-5.38,4,0.0,0.004032258064516129,0.037298387096774195,0.020665322580645164
496,玻纤制造,BK1462,19981.55,-1764.97,-8.12,790171760000,6.57,0,8,振石股份,-2.39,8,0.0,0.0020161290322580645,0.037298387096774195,0.01965725806451613
